vertion,1
checkposition,1
FullName,Vaule1,value2,value3,value4
_var_begin
C0,ON,,,
_var_begin
C1,,,,
_var_begin
C2,,,,
_var_begin
C3,,,,
_var_begin
C4,,,,
_var_begin
C5,,,,
_var_begin
C6,,,,
_var_begin
C7,,,,
_var_begin
C8,,,,
_var_begin
C2_C,,,,
C9,,,,
_var_begin
C10,,,,
_var_begin
C11,,,,
_var_begin
C12,,,,
_var_begin
C13,,,,
_var_begin
C14,,,,
_var_begin
C15,,,,
_var_begin
C16,,,,
C9_C,,,,
_var_begin
C17,,,,
_var_begin
C11_C,,,,
C18,,,,
_var_begin
C12_C,,,,
C19,,,,
_var_begin
C20,,,,
_var_begin
C21,,,,
_var_begin
C22,,,,
var_1,,,,
_var_begin
C100,,,,
_var_begin
C101,,,,
_var_begin
C102,,,,
_var_begin
C103,,,,
_var_begin
C104,,,,
_var_begin
C105,,,,
_var_begin
C106,,,,
_var_begin
C107,,,,
_var_begin
C108,,,,
_var_begin
C109,,,,
_var_begin
C110,,,,
_var_begin
C111,,,,
_var_begin
C112,,,,
_var_begin
C113,,,,
_var_begin
C114,,,,
_var_begin
C115,,,,
_var_begin
C116,,,,
_var_begin
C117,,,,
_var_begin
C118,,,,
_var_begin
C119,,,,
_var_begin
C120,,,,
_var_begin
C121,,,,
_var_begin
C122,,,,
_var_begin
C123,,,,
_var_begin
C124,,,,
_var_begin
C125,,,,
_var_begin
C126,,,,
_var_begin
C127,,,,
_var_begin
C128,,,,
_var_begin
C129,,,,
_var_begin
C130,,,,
_var_begin
C132,,,,
